partner,name used,project,phase
Civitta Eesti,Coordinator: Civitta Eesti AS (Estonia),CEED TECH,3
Digital Factory,Digital Factory Zrt (Hungary),CEED TECH,3
Start-up Yard,Start-up Yard Ltd (Czech Republic),CEED TECH,3
The Spot,The Spot (Slovakia),CEED TECH,3
VSL,VSL “Open Coffee Club Vilnius” (Lithuania),CEED TECH,3
Wise Guys Investment,Wise Guys Investment OÜ (Estonia),CEED TECH,3
CREATE-Net,"CREATE-Net (Italy),  ",CreatiFi,3
EBN,European Business Innovation Network (Belgium),CreatiFi,3
Forum Virium,Forum Virium Helsinki,CreatiFi,3
i2cat,i2cat (Spain),CreatiFi,3
iMinds,iMinds,CreatiFi,3
Institute of Creativity,"Institute of Creativity of Barcelona (Spain), ",CreatiFi,3
Living Labs,"European Network of Living Labs (Belgium),",CreatiFi,3
Trentino Sviluppo,"Trentino Sviluppo (Italy), ",CreatiFi,3
Aalto,"Aalto, Finland",ENVIROFI,1
AIT,"AIT, Austria",ENVIROFI,1
ATOS,ATOS,ENVIROFI,1
CNR,"CNR, Italy",ENVIROFI,1
EAA,EAA Austria,ENVIROFI,1
Eurescom,Eurescom,ENVIROFI,1
Intune Networks,"InTune Networks, Ireland",ENVIROFI,1
IOSB,"IOSB, Germany",ENVIROFI,1
IT Innovation,"IT Innovation, UK",ENVIROFI,1
JRC,JRC,ENVIROFI,1
Marine Institute,"Marine Institute, Ireland",ENVIROFI,1
NILU,NILU Norway,ENVIROFI,1
SINTEF,SINTEF Norway,ENVIROFI,1
UBIMET,"UBIMET, Austria",ENVIROFI,1
Etventure,Etventure GmbH Germany,EuropeanPioneers,3
F-Secure,F-Secure Finland,EuropeanPioneers,3
Fraunhofer,Fraunhofer IAIS Germany,EuropeanPioneers,3
Thoughtbox,Thoughtbox Ireland,EuropeanPioneers,3
Weblify,Weblify Poland,EuropeanPioneers,3
Bizkaia Talent,"Bizkaia Talent Eraberrikuntzan Eta Ezagutzan Adituak Pertsonen Mugikorteasuna Sustatzeko Elkartea (Spain), ",FABulous,3
Bwcon,Bwcon Baden-Württemberg: Connected e.V. (Germany,FABulous,3
CARSA,CARSA,FABulous,3
CARSA,Consultores de Automatizaticion Y Robotica S.A. (Spain).,FABulous,3
CKO,CKO Center for Culture and Experience Economy (Denmark,FABulous,3
Engineering,Engineering,FABulous,3
iMinds,iMinds,FABulous,3
Innovalia,"INNO Asociacion de Empresas Tecnologicas Innovalia (Spain),",FABulous,3
ATOS,ATOS,FI-Adopt,3
EAI,EAI,FI-Adopt,3
EMC2,EMC2,FI-Adopt,3
EUN,EUN,FI-Adopt,3
INTRASOFT,INTRASOFT International (LU) and (BE),FI-Adopt,3
Playgen,Playgen UK,FI-Adopt,3
Synelixis,Synelixis,FI-Adopt,3
UPM,UPM,FI-Adopt,3
Grassroots Arts,"Grassroots Arts and Research, Germany",FI-C3,3
Images et Reseaux,Images et Reseaux Project Coordinator,FI-C3,3
iMinds,iMinds,FI-C3,3
Madrid ICT and Audiovisual Cluster,Madrid ICT and Audiovisual Cluster,FI-C3,3
YMLP-Conseil,YMLP-Conseil (France).,FI-C3,3
Barco,Barco,FI-CONTENT,1
BBC,BBC,FI-CONTENT,1
DFKI,DFKI,FI-CONTENT,1
Disney,Disney Research Zurich,FI-CONTENT,1
Disney,Disney Black Rock Studio,FI-CONTENT,1
Fraunhofer,Fraunhofer Fokus & IAIS,FI-CONTENT,1
Fraunhofer,Fraunhofer Fokus & IAIS,FI-CONTENT,1
Grassroots Arts,Grassroots Arts and Research UG,FI-CONTENT,1
IBBT,IBBT,FI-CONTENT,1
IRT,IRT,FI-CONTENT,1
Orange,Orange,FI-CONTENT,1
RBB,RBB,FI-CONTENT,1
Technicolor,Technicolor(project coordinator),FI-CONTENT,1
Telefonica,Telefonica I+D,FI-CONTENT,1
Thales,Thales,FI-CONTENT,1
Telecom Italia,Telecom Italia,FI-CONTENT ,1
Bittubes,Bittubes,FI-Content 2,2
DFKI,Deutsches Forschungszentrum für Künstliche Intelligenz GmbH (DFKI),FI-Content 2,2
Disney,Disney Research Zurich,FI-Content 2,2
Disney,The Walt Disney Company Ltd,FI-Content 2,2
Dunav,DUNAV Net,FI-Content 2,2
eBusiness information,eBusiness Information,FI-Content 2,2
ETH Zurich,ETH Zurich,FI-Content 2,2
Fincons,Fincons,FI-Content 2,2
Fraunhofer,Fraunhofer Institute for Open Communication Systems FOKUS,FI-Content 2,2
Fraunhofer,Fraunhofer Institute for Intelligent Analysis and Information Systems IAIS,FI-Content 2,2
Grassroots Arts,Grassroots Arts,FI-Content 2,2
ImaginLab,ImaginLab,FI-Content 2,2
IRT,Institut fuer Rundfunktechnik GmbH,FI-Content 2,2
Lancaster University,Lancaster University,FI-Content 2,2
LCI,LCI,FI-Content 2,2
Metropolitano de Tenerife,Metropolitano de Tenerife S.A. (MTSA),FI-Content 2,2
Mivoq,MIVOQ,FI-Content 2,2
OpenDataSoft,OpenDataSoft,FI-Content 2,2
Pixel Park,Pixel Park,FI-Content 2,2
Prodevelop,Prodevelop,FI-Content 2,2
RBB,Rundfunk Berlin-Brandenburg (RBB),FI-Content 2,2
Sigma Orionis,Sigma Orionis,FI-Content 2,2
Studio Gobo,Studio Gobo Ltd,FI-Content 2,2
Takomat,TAKOMAT,FI-Content 2,2
Technicolor,"Technicolor, FIcontent coordinator",FI-Content 2,2
Thales,Thales Communications & Security,FI-Content 2,2
Universitat Politecnica de Valencia,Universitat Politecnica de Valencia,FI-Content 2,2
Arcelik,Arcelik; Turkey,FI-Space,2
Aston University,Aston University; United Kingdom,FI-Space,2
ATB,ATB Bremen; Germany,FI-Space,2
ATOS,ATOS; Spain,FI-Space,2
CentMa,CentMa; Germany,FI-Space,2
DLO,DLO; Netherlands,FI-Space,2
ENoLL,ENoLL; Belgium,FI-Space,2
Euro Pool,EuroPoolSystem; Germany,FI-Space,2
FloriCode,FloriCode; Netherlands,FI-Space,2
GS1,GS1 Germany; Germany,FI-Space,2
IBM Israel,IBM; Israel,FI-Space,2
iMinds,iMinds; Belgium,FI-Space,2
key,key,FI-Space,2
KocSistem,KocSistem; Tur,FI-Space,2
KTBL,KTBL; Germany,FI-Space,2
Kuehne+Nagel,Kühne + Nagel; Switzerland,FI-Space,2
Kverneland,Kverneland; Netherlands,FI-Space,2
Marintek,Marintek; Norway,FI-Space,2
Mieloo&Alexander,Mieloo & Alexander; Netherlands,FI-Space,2
National Technical University of Athens,NATIONAL TECHNICAL UNIVERSITY OF ATHENS,FI-Space,2
PlusFresc,PlusFresc; Spain,FI-Space,2
The Open Group,The Open Group; United Kingdom,FI-Space,2
University of Duisburg-Essen,University Duisburg Essen; Germany,FI-Space,2
UPM,University Politecnica Madrid; Spain,FI-Space,2
Wageningen University,Wageningen University; Netherlands,FI-Space,2
ACREO,ACREO Swedish ICT AB,FI-STAR,2
Agents cape,Agentscape AG,FI-STAR,2
Blekinge Institute of Technology,Blekinge Institute of Technology,FI-STAR,2
Centre for Research and Technology Hellas,Centre for Research and Technology Hellas,FI-STAR,2
Consorzio Roma Ricerche,Consorzio Roma Ricerche - CRR,FI-STAR,2
Creative Systems Engineering,Creative Systems Engineering (C.S.E.) Monoprosopi Epe,FI-STAR,2
CUP 2000,CUP 2000,FI-STAR,2
Dublin City University,Dublin City University,FI-STAR,2
Easy Global Market,Easy Global Market,FI-STAR,2
Edinburgh Napier University,Edinburgh Napier University,FI-STAR,2
Elvior,Elvior,FI-STAR,2
Engineering Ingegneria Informatica,Engineering Ingegneria Informatica SPA,FI-STAR,2
Eurescom,EURESCOM ,FI-STAR,2
Fraunhofer,Fraunhofer-Gesellschaft zur Föderung der angewandten Forschung e.v.,FI-STAR,2
FZI,Stiftung FZI Forschungszentrum Informatik am Karlsruher Institut für Technologie,FI-STAR,2
Gioumpitek,Gioumpitek Meleti Schediasomos Ylopoiisi Kai Polisi Ergon Pliroforikis Etaireia Periorismenis Efthynis,FI-STAR,2
InfoTEX,InfoTEX Information Solutions LTD,FI-STAR,2
ITTI,ITTI Sp. z.o.o.,FI-STAR,2
"John Paul II Hospital, Krakow","John Paul II Hospital, Krakow",FI-STAR,2
Living Labs,Living Labs Global,FI-STAR,2
Maverick TV,Maverick TV,FI-STAR,2
Medichem,Medichem Leeds,FI-STAR,2
Nextel,Nextel SA,FI-STAR,2
Nissatech,"Company for Provision of Services, Research and Development Nissatech Innovation Centre Doo",FI-STAR,2
Servicio Vasco de Salud Osakidetza,Servicio Vasco de Salud Osakidetza,FI-STAR,2
Singularlogic,Singularlogic Anonymi Etairia Pliroforiakon Sistimaton Kai Efarmogon Pliroforikis,FI-STAR,2
Siveco,Siveco Romania SA,FI-STAR,2
TBS,TSB Real Time Location Systems SL,FI-STAR,2
Technical University Berlin,Technical University Berlin,FI-STAR,2
Technical University Munich,"Technical University Munich, Klinikum rechts der Isar",FI-STAR,2
Tekniker IK4,Tekniker IK4,FI-STAR,2
Telecommunication System Institute,Telecommunication System Institute,FI-STAR,2
Tilburg University,Stichting Katholieke Universiteit Brabant (Tilburg University),FI-STAR,2
Trilogis,Trilogis SRL,FI-STAR,2
University Hospital of North Norway,University Hospital of North Norway,FI-STAR,2
University of Cyprus,University of Cyprus,FI-STAR,2
University of Ljubljana,University of Ljubljana,FI-STAR,2
University of Medicine and Pharmacy Carol Davila Bucharest,University of Medicine and Pharmacy Carol Davila Bucharest,FI-STAR,2
University of Patras,University of Patras,FI-STAR,2
VMZ,VMZ Berlin Betreibergesellschft mbH,FI-STAR,2
VPD,"VPD, Bled, d.o.o.",FI-STAR,2
Zigpos,Zigpos GmbH,FI-STAR,2
 Amsterdam Economic Board," Amsterdam Economic Board, ",FICHe,3
Business Oulu,"Business Oulu, ",FICHe,3
Dutch eHealth Fund Management,Dutch eHealth Fund Management BV and ,FICHe,3
FFIS,"FFIS de la region de Murcia, ",FICHe,3
Stichting Digitalezorg.nl,Stichting Digitalezorg.nl. ,FICHe,3
Stichting zorgInc,"Stichting zorgInc., ",FICHe,3
TIC BioMed,"TIC BioMed, ",FICHe,3
TNO,"TNO, ",FICHe,3
University of Oulu,"University of Oulu, ",FICHe,3
Bittubes,Bittubes,Ficontent,1
DFKI,DFKI Deutsches Forschungszentrum für Künstliche Intelligenz GmbH,Ficontent,1
Disney,Disney Research Zurich,Ficontent,1
Disney,The Walt Disney company Ltd,Ficontent,1
Dunav,DUNAV net,Ficontent,1
eBusiness information,eBusiness information,Ficontent,1
ETH Zurich,ETH Zurich university,Ficontent,1
Fincons,Fincons Group,Ficontent,1
Fraunhofer,Fraunhofer FOKUS,Ficontent,1
Fraunhofer,Fraunhofer IAIS,Ficontent,1
Grassroots Arts,Grassroots Arts,Ficontent,1
i2cat,i2CAT Foundation Internet and Digital Innovation in Catalonia,Ficontent,1
ImaginLab,ImaginLab,Ficontent,1
IRT,Institut fuer Rundfunktechnik GmbH,Ficontent,1
Lancaster University,Lancaster university,Ficontent,1
LCI,"LCI, Serbia",Ficontent,1
Metropolitano de Tenerife,Metropolitano de Tenerife sa,Ficontent,1
Mivoq,Mivoq,Ficontent,1
OpenDataSoft,OpenDataSoft,Ficontent,1
Pixel Park,Pixel Park,Ficontent,1
Prodevelop,Prodevelop,Ficontent,1
RBB,Rundfunk Berlin-Brandenburg (RBB),Ficontent,1
Sigma Orionis,Sigma Orionis,Ficontent,1
Studio Gobo,Stidio Gobo Ltd,Ficontent,1
Takomat,Takomat,Ficontent,1
Technicolor,Technicolor,Ficontent,1
Thales,Thales communications and security,Ficontent,1
Universitat Politecnica de Valencia,Universitat Politecnica de Valencia,Ficontent,1
Acciona,Acciona Infraestructuras S.A. | Spain,FINESCE,2
Alcatel,Alcatel-Lucent Deutschland AG | Germany,FINESCE,2
Alstom Grid,Alstom Grid UK Limited | UK,FINESCE,2
ASM Terni,ASM Terni S.p.A. | Italy,FINESCE,2
B.A.U.M.,B.A.U.M. Consult GmbH | Germany,FINESCE,2
Develco Products,Develco Products | Denmark,FINESCE,2
devolo,devolo AG | Germany,FINESCE,2
Dunav,DunavNET | Serbia,FINESCE,2
E.ON,E.ON Sverige AB | Sweden,FINESCE,2
EC Network,EC Network | Denmark,FINESCE,2
Electricity Supply Board,Electricity Supply Board | Ireland,FINESCE,2
Engineering Ingegneria Informatica,Engineering Ingegneria Informatica SPA | Italy,FINESCE,2
Ericsson,Ericsson GmbH | Germany,FINESCE,2
Grenoble Institute of Technology,Grenoble Institute of Technology | France,FINESCE,2
Honeywell SPOL,Honeywell SPOL S.R.O. | Czech Republic,FINESCE,2
Insero,Insero Horsens | Denmark,FINESCE,2
Insero,Insero Software A/S | Denmark,FINESCE,2
Intune Networks,Intune Networks Ltd | Ireland,FINESCE,2
ISMB,ISMB - Instituto Superiore Mario Boella | Italy,FINESCE,2
laSalle,laSalle Research & Development | Spain,FINESCE,2
QSC,QSC AG | Germany,FINESCE,2
RWTH,Institute for Industrial Management at RWTH Aachen University (FIR) | Germany,FINESCE,2
RWTH,RWTH Aachen University | Germany,FINESCE,2
SEnerCon,SEnerCon GmbH | Germany,FINESCE,2
SOPTIM,SOPTIM AG | Germany,FINESCE,2
Synelixis,Synelixis Lyseis Pliroforikis Automatismou & Tilepkoinonion Monoprosopie EPE | Greece,FINESCE,2
TeamWAre,TW-TeamWare S.r.l. | Italy,FINESCE,2
Telekomunikacja Polska,Telekomunikacja Polska S.A. | Poland,FINESCE,2
Waterford Institute of Technology,Waterford Institute of Technology | Ireland,FINESCE,2
XLAB,XLAB d.o.o. | Slovenia,FINESCE,2
Yucca Studios,Yucca Studios | Portugal,FINESCE,2
Air France / KLM Cargo,"Air France / KLM Cargo, Netherlands",FINEST,1
Arcelik,"Arçelik A.S., Turkey",FINEST,1
IBM Israel,"IBM Research Labs, Israel",FINEST,1
KocSistem,"KoçSistem A.S., Turkey",FINEST,1
Kuehne+Nagel,"Kuehne + Nagel Management AG, Switzerland (Project Coordinator)",FINEST,1
Marintek,"MARINTEK, Norway",FINEST,1
NCL Shipping,"NCL Shipping, Norway",FINEST,1
Paluno,"Paluno (The Ruhr Institute for Software Technology) and Department of Transport Systems and Logistics,",FINEST,1
Port of Alesund,"Port of Ålesund, Norway",FINEST,1
SAP AG,"SAP AG, Germany",FINEST,1
Tyrholm&Farstad,"Tyrholm & Farstad, Norway",FINEST,1
University of Duisburg-Essen,"University of Duisburg-Essen, Germany",FINEST,1
ATB,"ATB (Germany), ",Finish,3
Campden BRI,Campden BRI (Hungary) ,Finish,3
CentMa,CentMa (Germany),Finish,3
DLO,DLO (The Netherlands),Finish,3
EBILTEM,EBILTEM (Turkey). ,Finish,3
Euro Pool,"Euro Pool System (Germany), ",Finish,3
Fondazione Democenter-Sipe,Fondazione Democenter-Sipe (Italy) and ,Finish,3
iMinds,iMinds (Belgium),Finish,3
ASOLIF,ASOLIF,FINODEX,3
Copenhagen Business School,Copenhagen Business School,FINODEX,3
Engineering Ingegneria Informatica,Engineering Ingegneria Informatica,FINODEX,3
Europe Unlimited,Europe Unlimited,FINODEX,3
Fondazione Bruno Kessler,Fondazione Bruno Kessler,FINODEX,3
Trento Rise,Trento Rise,FINODEX,3
ZABALA Innovation Consulting,ZABALA Innovation Consulting,FINODEX,3
ABB,ABB AG,FINSENY,1
ABB,ABB Schweiz AG,FINSENY,1
Acciona,ACCIONA Infraestructuras S.A.,FINSENY,1
Alcatel,Alcatel-Lucent Deutschland AG,FINSENY,1
ATOS,ATOS Spain S.A.,FINSENY,1
B.A.U.M.,B.A.U.M. Consult GmbH,FINSENY,1
Busch-Jaeger Elektro,Busch-Jaeger Elektro GmbH,FINSENY,1
E.ON,E.ON Sverige AB,FINSENY,1
Electricite de France,Electricite de France S.A.,FINSENY,1
Electricity Supply Board,Electricity Supply Board,FINSENY,1
Enel,Enel.si srl,FINSENY,1
Engineering Ingegneria Informatica,Engineering Ingegneria Informatica S.p.A.,FINSENY,1
Ericsson,Ericsson AB,FINSENY,1
Ericsson,Ericsson GmbH,FINSENY,1
European Utilities Telecom Council,European Utilities Telecom Council,FINSENY,1
France Telecom,France Telecom,FINSENY,1
Grenoble Institute of Technology,Grenoble Institute of Technology,FINSENY,1
Iberdrola,Iberdrola S.A.,FINSENY,1
Intune Networks,Intune Networks Ltd.,FINSENY,1
Nokia Siemens,Nokia Siemens Networks GmbH & Co. KG,FINSENY,1
Nokia Siemens,Nokia Siemens Networks Oy,FINSENY,1
RWTH,Forschungsinstitut für Rationalisierung an der RWTH Aachen e.V.,FINSENY,1
RWTH,RWTH Aachen University,FINSENY,1
SAP AG,SAP AG,FINSENY,1
Siemens,Siemens AG,FINSENY,1
Siemens,Siemens Wind Power A/S,FINSENY,1
Stadtwerke Aachen,Stadtwerke Aachen AG,FINSENY,1
Synelixis,Synelixis Lyseis Pliroforikis Automatismou & Tilepikoinonion Monoprosopi EPE,FINSENY,1
Telecom Italia,Telecom Italia S.p.A.,FINSENY,1
Telefonica,Telefonica Investigación y Desarrollo Unipersonal S.A.,FINSENY,1
Telekomunikacja Polska,Telekomunikacja Polska SA,FINSENY,1
Thales,Thales Communications S.A.,FINSENY,1
Verband der Elektrotechnik Elektronik Informationstechnik,Verband der Elektrotechnik Elektronik Informationstechnik e.V.,FINSENY,1
VTT,VTT Research Centre of Finland,FINSENY,1
Waterford Institute of Technology,Waterford Institute of Technology,FINSENY,1
AIDIMA,"AIDIMA, ASOCIACION DE INVESTIGACION Y DESARROLLO EN LA INDUSTRIA DEL MUEBLE Y AFINES",FITMAN,2
AISBL,LABORATOIRE VIRTUEL EUROPEEN DANS LE DOMAINE DE L'INTEROPERABILITE DES ENTREPRISES AISBL,FITMAN,2
APPLICATIONS PLASTIQUES DU RHONE,APPLICATIONS PLASTIQUES DU RHONE SAS APR,FITMAN,2
ATOS,ATOS SPAIN SA,FITMAN,2
Augusta Westland,AGUSTA WESTLAND SPA,FITMAN,2
BIBA,BIBA - Bremer Institut für Produktion und Logistik GmbH,FITMAN,2
COM plus,COMplus Automation GmBH,FITMAN,2
Consulgal,CONSULGAL - CONSULTORES DE ENGENHARIA E GESTAO SA.,FITMAN,2
Coventry University,COVENTRY UNIVERSITY,FITMAN,2
DATAPIXEL,DATAPIXEL,FITMAN,2
DFKI,DFKI The German Research Center for Artificial Intelligence,FITMAN,2
DITF,DITF - The German Institutes for Textile and Fiber Research Denkendorf,FITMAN,2
Engineering Ingegneria Informatica,ENGINEERING - INGEGNERIA INFORMATICA SPA,FITMAN,2
FRATELLI PIACENZA,FRATELLI PIACENZA S.P.A.,FITMAN,2
Fraunhofer,FRAUNHOFER-GESELLSCHAFT ZUR FOERDERUNG DER ANGEWANDTEN FORSCHUNG E.V,FITMAN,2
FZI,FZI Forschungszentrum Informatik,FITMAN,2
GEOLOC,GEOLOC SYSTEMS,FITMAN,2
HOLONIX,HOLONIX,FITMAN,2
Innovalia,ASOCIACION DE EMPRESAS TECNOLOGICAS INNOVALIA,FITMAN,2
National Technical University of Athens,NATIONAL TECHNICAL UNIVERSITY OF ATHENS,FITMAN,2
Nissatech,Nissatech Innovation Centre,FITMAN,2
POLITECNICO DI MILANO,POLITECNICO DI MILANO,FITMAN,2
PORTUGAL TELECOM,PORTUGAL TELECOM INOVACAO SA,FITMAN,2
SOFTECO SISMAT ,SOFTECO SISMAT SRL,FITMAN,2
STI,STI - Semantic Technology Institute Innsbruck,FITMAN,2
TECHNOLOGY APPLICATION NETWORK,TECHNOLOGY APPLICATION NETWORK LIMITED,FITMAN,2
TRW,TRW AUTOMOTIVE ESPANAN SL,FITMAN,2
TXT E-SOLUTIONS,TXT E-SOLUTIONS SPA,FITMAN,2
UNINOVA,UNINOVA - INSTITUTO DE DESENVOLVIMENTO DE NOVAS TECNOLOGIAS,FITMAN,2
Universitat Politecnica de Valencia,UNIVERSITAT POLITECNICA DE VALENCIA,FITMAN,2
University Bordeaux I,UNIVERSITE BORDEAUX I,FITMAN,2
University Lumber Lyon 2,UNIVERSITE LUMIERE LYON 2,FITMAN,2
University of Southampton,UNIVERSITY OF SOUTHAMPTON,FITMAN,2
Volkswagen,VOLKSWAGEN AG,FITMAN,2
VTT,TEKNOLOGIAN TUTKIMUSKESKUS VTT,FITMAN,2
Whirlpool,WHIRLPOOL EUROPE SRL,FITMAN,2
Association of ICT Companies of Northern Greece,"Association of ICT Companies of Northern Greece (GREECE), ",FRACTALS,3
ATOS,ATOS (ES),FRACTALS,3
BioSense,"BioSense Center (SRB), ",FRACTALS,3
Bulgarian Association of Software Companies,Bulgarian Association of Software Companies (BG),FRACTALS,3
DLO,DLO (NL),FRACTALS,3
National and Kapodistrian University of Athens,"National and Kapodistrian University of Athens (GR), ",FRACTALS,3
Software Industrialists Association,Software Industrialists Association (TR) and ,FRACTALS,3
The Development Fund of the Autonomous Province Vojvodina,"The Development Fund of the Autonomous Province Vojvodina (SRB), ",FRACTALS,3
Vojvodina ICT Cluster,"Vojvodina ICT Cluster (SRB), ",FRACTALS,3
EBN,EBN,FrontierCities,3
EnergGap,EnergGap,FrontierCities,3
Engineering Ingegneria Informatica,Engineering Ingegneria Informatica,FrontierCities,3
InnovaBic,InnovaBic,FrontierCities,3
New Frontier Services,"New Frontier Services, Belgium",FrontierCities,3
University of Messina,University of Messina,FrontierCities,3
University of Surrey,University of Surrey,FrontierCities,3
BUONGIORNO VENTURES,BUONGIORNO VENTURES SPA (Coordinator),IMpaCT,3
INTERNETSIA,INTERNETSIA S.L. [ISDI],IMpaCT,3
SEAYA,SEAYA CAPITAL GESTION SGECR SA,IMpaCT,3
Teknologiudvikling,Teknologiudvikling ApS,IMpaCT,3
Accelerace,Accelerace,INCENSe,3
Endesa,"Endesa, Spain",INCENSe,3
Enel,"Enel, Italy, .",INCENSe,3
FundingBox,"FundingBox,  ",INCENSe,3
CREATE-Net,CREATE-NET Centre for research and telecommunication experimentation for networked communities,INFINITY,1
DANTE,DANTE - Delivery of advanced network technology to Europe Ltd,INFINITY,1
Ericsson,Ericsson GmbH,INFINITY,1
Fraunhofer,FhG Fraunhofer Gesellschaft zur Foerderung der angewandten Forschung e.V.,INFINITY,1
Innovate,Innova Beratungsgesellschaft,INFINITY,1
Instytut Chemii Bioorganicznej Pan,Instytut Chemii Bioorganicznej Pan,INFINITY,1
interinnov,interinnov,INFINITY,1
Martel consulting,Martel consulting Gmbh,INFINITY,1
Telefonica,Telefonica Investigation Y Desarrollo sa,INFINITY,1
Thales,Thales services,INFINITY,1
University of Southampton,University of Southampton IT innovation centre,INFINITY,1
UPM,UPM Universidad Politecnica de Madrid,INFINITY,1
Waterford Institute of Technology,Waterford Institute of Technology,INFINITY,1
ATAC-Roma,ATAC-Roma,INSTANT MOBILITY,1
CEA,CEA-List,INSTANT MOBILITY,1
DHL,DHL,INSTANT MOBILITY,1
DLR,DLR,INSTANT MOBILITY,1
Ericsson,Ericsson,INSTANT MOBILITY,1
ERTICO,ERTICO - European partnership for intelligent transport,INSTANT MOBILITY,1
Fiat,Centro ricerche Fiat,INSTANT MOBILITY,1
France Telecom,France Telecom,INSTANT MOBILITY,1
IFSTTAR,IFSTTAR,INSTANT MOBILITY,1
Istanbul,Istanbul,INSTANT MOBILITY,1
Mizar,Mizar,INSTANT MOBILITY,1
NAVTEQ,NAVTEQ,INSTANT MOBILITY,1
Nice Cote d'azur,Nice Cote d'azur,INSTANT MOBILITY,1
Pertimm,Pertimm,INSTANT MOBILITY,1
Staten Vegvesen,"Staten Vegvesen, Norway",INSTANT MOBILITY,1
Telecom Italia,Telecom Italia,INSTANT MOBILITY,1
Telefonica,Telefonica,INSTANT MOBILITY,1
Thales,Thales,INSTANT MOBILITY,1
Toledo,"Toledo, Spain",INSTANT MOBILITY,1
Valeo,Valeo,INSTANT MOBILITY,1
Volvo,Volvo Technology,INSTANT MOBILITY,1
VTT,VTT,INSTANT MOBILITY,1
Aarhus Vand,Aarhus Vand,OUTSMART,1
Alcatel,Alcatel Lucent,OUTSMART,1
Alexandra Institute,Alexandra Institute,OUTSMART,1
Amey,Amey,OUTSMART,1
Amplex Denmark,Amplex Denmark,OUTSMART,1
ATOS,ATOS Origin Sociedad Anónima Española,OUTSMART,1
Banco Santander,Banco Santander,OUTSMART,1
Berliner Stadtreinigungsbetriebe,Berliner Stadtreinigungsbetriebe,OUTSMART,1
CEA,Commissariat à l’énergie atomique et aux énergies alternatives,OUTSMART,1
CI3,CI3 Centro de Innovacion de Infraestructuras Inteligentes,OUTSMART,1
Coronis/Elster,Coronis/Elster SAS,OUTSMART,1
CREATE-Net,CREATE-NET,OUTSMART,1
Dolomiti Reti,Dolomiti Reti (gruppo Dolomiti Energia),OUTSMART,1
E.ON,E.ON España,OUTSMART,1
EMCANTA,EMCANTA,OUTSMART,1
Engineering Ingegneria Informatica,Engineering Ingegneria Informatica S.p.A.,OUTSMART,1
Ericsson,Ericsson Belgrade ,OUTSMART,1
Fraunhofer,Fraunhofer FOKUS,OUTSMART,1
Municipality of Santander,Municipality of Santander,OUTSMART,1
Orange,Orange Labs,OUTSMART,1
Telefonica,Telefonica I+D (TID),OUTSMART,1
TTI,TTI,OUTSMART,1
Universidad de Cantabria,Universidad de Cantabria,OUTSMART,1
University of Luxembourg,University of Luxembourg,OUTSMART,1
University of Surrey,University of Surrey,OUTSMART,1
Worldsensing,Worldsensing,OUTSMART,1
Action India,Action India,SAFECITY,1
Buzzify,Buzzify,SAFECITY,1
Clay-Ritu Verma,Clay- Ritu Verma,SAFECITY,1
DNA Newspaper,DNA Newspaper,SAFECITY,1
Goal Program,Goal Program- Naz Foundation,SAFECITY,1
Hindustan Petroleum,Hindustan Petroleum Corp.Ltd,SAFECITY,1
Maruti Suzuki,Maruti Suzuki,SAFECITY,1
Mobilart,Mobilart,SAFECITY,1
Ortner center,Ortner center at the University of Pennsylvania,SAFECITY,1
Protsahan India Foundation,Protsahan India Foundation,SAFECITY,1
PVR Nest and PVR Cinemas,PVR Nest and PVR Cinemas,SAFECITY,1
Rozy Roti Films,Rozy Roti Films,SAFECITY,1
Safety Kart.com,Safety Kart.com,SAFECITY,1
Sayfty,Sayfty,SAFECITY,1
SEEW-Nepal,SEEW-Nepal,SAFECITY,1
She Says,"She Says, ",SAFECITY,1
Sir Ratan Tata Trust,Sir Ratan Tata Trust,SAFECITY,1
Stop Street Harassment,Stop Street Harassment,SAFECITY,1
Swedish Institute,Swedish Institute,SAFECITY,1
Why Poll,Why Poll,SAFECITY,1
Aarhus University,"Aarhus University, Department of Engineering, Operations Management group",SMARTAGRIFOOD1,1
BIC Euronova,BIC Euronova,SMARTAGRIFOOD1,1
EBN,EBN,SMARTAGRIFOOD1,1
Innovationsfnden,"Innovationsfnden, Ministry of High Education Denmark",SMARTAGRIFOOD1,1
Poznan Supercomputing and Networking Centre ,Poznan Supercomputing and networking centre,SMARTAGRIFOOD1,1
Poznan University of Life Sciences,Poznan University of Life Sciences,SMARTAGRIFOOD1,1
South East BIC,South East BIC,SMARTAGRIFOOD1,1
TVT ,TVT Innovation,SMARTAGRIFOOD1,1
Wageningen University,"Wageningen University and Research Center, NL",SMARTAGRIFOOD1,1
Aarhus University,Aarhus University,SmartAgriFood2,3
BIC Euronova,BIC Euronova,SmartAgriFood2,3
DASTI,DASTI,SmartAgriFood2,3
EBN,European Business and Innovation Centre Network,SmartAgriFood2,3
Poznan Supercomputing and Networking Centre ,Poznan Supercomputing and Networking Centre ,SmartAgriFood2,3
Poznan University of Life Sciences,Poznan University of Life Sciences,SmartAgriFood2,3
SEBIC,SEBIC,SmartAgriFood2,3
Stichting Dienst Landbouwkundig Onderzoek ,Stichting Dienst Landbouwkundig Onderzoek ,SmartAgriFood2,3
TVT ,TVT ,SmartAgriFood2,3
Agencia de Innovación y Financiación Empresarial de Castilla y León,"Agencia de Innovación y Financiación Empresarial de Castilla y León (Spain), T",SOUL-FI,3
Fondazione per la Ricerca e l’Innovazione,"Fondazione per la Ricerca e l’Innovazione (Italy), ",SOUL-FI,3
Instituto Pedro Nunes,Instituto Pedro Nunes (Portugal) ,SOUL-FI,3
MyMicroInvest,"MyMicroInvest S.A. (Belgium), ",SOUL-FI,3
Technische Universiteit Delft,Technische Universiteit Delft (Netherlands) and ,SOUL-FI,3
TII,"TII - European Association for the Transfer of Technology, Innovation and Industrial Information (Luxembourg).",SOUL-FI,3
Accelerace,"Accelerace, Copenhagen, Denmark, accelerator and seed capital fund",SpeedUp_Europe,3
AgroBusiness Park,"AgroBusiness Park, Arhus, Denmark, business hub and seed capital fund",SpeedUp_Europe,3
Businesscamps.de,"Businesscamps.de, Hamburg, Germany, incubator and innovator",SpeedUp_Europe,3
ECN,"ECN European Crowdfunding Network, Brussels, Belgium, networking group",SpeedUp_Europe,3
Europe Unlimited,"Europe Unlimited, Brussels, Belgium, venture capital facilitator",SpeedUp_Europe,3
Social Impact Lab,"Social Impact Lab, Hamburg, Germany, co-working space and social incubator",SpeedUp_Europe,3
STING,"STING, Stockholm, Sweden, venture incubator, seed capital fund and hub",SpeedUp_Europe,3
UVA,"UVA University Amsterdam, Netherlands, business school and entrepreneurship centre",SpeedUp_Europe,3
WebClusive,"WebClusive, Amsterdam, Netherlands, crowdfunding experts and software company",SpeedUp_Europe,3